open_time,open,high,low,close,volume,close_time,quote_asset_volume,number_of_trades,taker_buy_base_asset_volume,taker_buy_quote_asset_volume,ignore
1775829600000,2223.03,2249.0,2221.07,2241.19,2637382.922,1775833199999,5899245677.56519,19278,1715980.333,3833690792.92906,0
1775833200000,2241.2,2246.63,2221.02,2221.7,2630913.513,1775836799999,5885129769.18317,21265,1232187.371,2760601628.42465,0
1775836800000,2221.14,2244.69,2221.02,2244.32,2344378.358,1775840399999,5240725771.31907,20805,1806046.396,4036418576.97755,0
1775840400000,2244.32,2247.22,2238.43,2247.17,2089771.089,1775843999999,4686039928.98272,21460,1207514.398,2708895265.89273,0
1775844000000,2247.18,2248.32,2239.69,2248.05,2196074.272,1775847599999,4929234885.26150,22534,1271040.488,2853243647.00437,0
1775847600000,2248.05,2253.83,2242.83,2250.4,2126004.296,1775851199999,4779626959.26807,20700,1208766.413,2718357034.79877,0
1775851200000,2250.4,2254.47,2242.83,2253.79,2354931.578,1775854799999,5297462883.45857,20400,1490561.628,3353499948.35683,0
1775854800000,2253.79,2254.03,2244.21,2253.56,1737473.302,1775858399999,3906053575.17342,19535,1034979.387,2327122148.31512,0
1775858400000,2253.77,2253.85,2238.93,2241.2,1460941.098,1775861999999,3281243296.12862,16707,351706.205,789466991.85863,0
1775862000000,2241.2,2244.23,2238.73,2243.9,987254.024,1775865599999,2212597365.23903,17678,534649.926,1198408183.77683,0
1775865600000,2243.91,2243.91,2234.87,2237.64,1075635.421,1775869199999,2408181727.66771,16190,360762.215,807631921.07524,0
1775869200000,2237.64,2245.0,2234.25,2242.72,1466283.312,1775872799999,3282919886.44327,19145,1009470.798,2260836559.61763,0
1775872800000,2242.73,2248.98,2241.33,2245.68,873170.563,1775876399999,1960675882.18303,16572,450312.679,1011382364.90624,0
1775876400000,2245.68,2248.61,2234.86,2235.81,1515191.324,1775879999999,3399582683.49057,18201,467553.428,1049963435.28919,0
1775880000000,2235.81,2241.4,2235.0,2239.65,1315026.612,1775883599999,2943510712.37967,18705,766156.717,1715045974.13848,0
1775883600000,2239.66,2240.58,2229.94,2231.48,1166739.731,1775887199999,2607778158.57864,17623,185137.198,414179328.77809,0
1775887200000,2231.48,2235.09,2228.93,2234.92,1379555.156,1775890799999,3078827908.63835,18953,907119.603,2025041540.92860,0
1775890800000,2234.92,2235.15,2229.83,2231.32,1111846.608,1775894399999,2482468673.97659,21638,477856.816,1067031351.97935,0
1775894400000,2231.32,2233.35,2231.16,2232.53,546682.597,1775897999999,1220408772.54988,13959,341857.846,763172102.54749,0
1775898000000,2232.53,2254.0,2230.88,2242.06,1841830.0,1775901599999,4127018183.21291,19191,1218342.853,2729159283.35726,0
1775901600000,2242.06,2243.8,2236.98,2239.45,1379547.693,1775905199999,3089487723.99675,18305,696731.714,1560626771.29230,0
1775905200000,2239.45,2245.55,2236.72,2244.98,1123430.163,1775908799999,2517021953.28932,17537,777510.834,1742586002.82950,0
1775908800000,2244.66,2245.55,2240.26,2244.25,736847.539,1775912399999,1652676666.92571,14324,351605.007,788716280.14443,0
1775912400000,2244.25,2245.0,2232.64,2240.17,1619530.386,1775915999999,3624636074.29413,17757,612078.896,1369635189.77849,0
1775916000000,2240.17,2242.84,2237.21,2241.29,1249446.027,1775919599999,2798524365.50202,16896,560160.634,1255056653.98504,0
1775919600000,2241.25,2250.6,2240.54,2247.0,1341485.89,1775923199999,3012743915.34506,16498,680647.495,1528389764.43372,0
1775923200000,2246.87,2262.96,2245.57,2258.57,1292855.014,1775926799999,2912896368.14873,15075,876095.285,1973051895.01597,0
1775926800000,2258.57,2263.33,2253.0,2259.12,1817033.548,1775930399999,4103782744.67316,19023,937894.838,2118962547.69751,0
1775930400000,2259.12,2303.58,2256.07,2303.58,2070882.231,1775933999999,4709119505.30478,18205,1496288.557,3400625187.37845,0
1775934000000,2303.58,2327.35,2302.97,2313.62,2490898.893,1775937599999,5763129778.85636,20187,1327817.636,3070441957.04232,0
1775937600000,2313.08,2315.08,2287.69,2297.32,2521074.587,1775941199999,5801389501.98538,18007,912175.697,2097620877.25714,0
1775941200000,2297.32,2302.04,2293.06,2298.1,2027336.72,1775944799999,4660420474.91957,19038,971188.681,2233101382.89024,0
1775944800000,2298.43,2306.35,2290.0,2295.78,2318578.104,1775948399999,5330384294.98748,21452,1029978.824,2368609718.29902,0
1775948400000,2295.78,2295.78,2278.06,2283.85,2028088.376,1775951999999,4637281233.50516,19182,914175.164,2089022257.46190,0
1775952000000,2284.47,2285.73,2279.14,2284.65,2148855.675,1775955599999,4904756805.89252,21298,1204864.452,2750448622.75920,0
1775955600000,2284.65,2286.84,2211.58,2221.69,3061471.382,1775959199999,6905574259.84859,23279,896499.110,2020587788.65328,0
1775959200000,2221.43,2230.96,2207.31,2223.28,2046371.267,1775962799999,4545367788.96442,16360,967033.867,2150789546.37859,0
1775962800000,2223.29,2225.27,2212.95,2213.17,2005524.419,1775966399999,4449694350.40900,20294,783149.946,1737426895.70357,0
1775966400000,2213.18,2214.72,2209.89,2209.89,1272063.08,1775969999999,2813793039.06160,18305,464484.938,1027752400.95781,0
1775970000000,2209.98,2217.02,2208.32,2216.01,1762049.699,1775973599999,3899753437.13293,20143,1058707.006,2343862929.09137,0
1775973600000,2216.01,2219.11,2213.86,2214.97,1005676.831,1775977199999,2229017889.47831,17942,385688.183,854671227.42079,0
1775977200000,2214.97,2219.35,2212.22,2218.32,1988859.62,1775980799999,4404718161.95108,22612,1334481.388,2956200013.97052,0
1775980800000,2218.32,2218.93,2211.54,2212.94,1927689.638,1775984399999,4270209328.19002,24326,914930.467,2027274038.07575,0
1775984400000,2212.94,2214.28,2210.41,2213.0,1371271.002,1775987999999,3034263589.92967,22458,601403.529,1331009291.10979,0
1775988000000,2213.0,2216.12,2194.99,2199.36,1932417.339,1775991599999,4268164119.20722,23776,900542.475,1987802492.06505,0
1775991600000,2199.35,2212.06,2197.6,2203.43,1366827.348,1775995199999,3010447593.19997,20492,938105.316,2066349121.32483,0
1775995200000,2203.44,2206.49,2194.0,2194.67,2428442.556,1775998799999,5346145968.16858,26484,1187951.822,2616031866.39568,0
1775998800000,2194.6,2198.27,2185.45,2185.71,2322186.195,1776002399999,5087903512.99146,25621,987829.244,2165080289.65501,0
1776002400000,2185.75,2192.47,2179.2,2180.68,2653254.722,1776005999999,5801536795.27997,27108,1087673.568,2380196449.25751,0
1776006000000,2180.68,2186.17,2177.4,2185.23,2025141.261,1776009599999,4417661696.72815,23379,1041127.558,2272099735.34811,0
1776009600000,2185.22,2188.96,2181.99,2186.25,1925155.169,1776013199999,4206669079.47150,26278,1005125.513,2196850624.47003,0
1776013200000,2186.25,2203.29,2186.25,2201.41,2625744.113,1776016799999,5754822610.22888,27263,1994549.489,4372385507.30364,0
1776016800000,2201.41,2205.13,2199.2,2199.43,1912685.893,1776020399999,4211869156.84775,25715,919236.811,2024863328.01142,0
1776020400000,2199.43,2204.02,2196.54,2197.24,1582142.649,1776023999999,3482306204.22878,24232,708329.738,1559383100.97415,0
1776024000000,2197.24,2212.59,2192.35,2212.51,2631741.308,1776027599999,5792610404.29956,27422,1792552.797,3948396057.85309,0
1776027600000,2212.52,2214.78,2204.1,2210.48,2203111.679,1776031199999,4865782813.95466,24440,1009856.114,2230503464.88501,0
1776031200000,2209.57,2210.48,2183.57,2196.33,2699938.009,1776034799999,5923617424.27563,24215,1181589.628,2590287462.88302,0
1776034800000,2196.33,2196.33,2186.22,2190.47,2394807.592,1776038399999,5243620359.63842,26728,1261919.765,2762934397.82935,0
1776038400000,2190.47,2203.78,2186.63,2203.78,2613841.96,1776041999999,5741300940.15041,22788,1820822.689,3999184640.49876,0
1776042000000,2203.78,2210.78,2200.24,2202.63,2237697.401,1776045599999,4931183979.61765,23219,1311949.518,2891992082.47936,0
1776045600000,2202.63,2203.93,2191.95,2193.18,1811010.84,1776049199999,3981109837.64261,23934,749237.586,1647128692.18220,0
1776049200000,2193.18,2194.25,2189.97,2193.48,1565082.173,1776052799999,3430801727.94833,21045,641501.278,1406367716.49458,0
1776052800000,2193.48,2198.29,2187.22,2190.04,2330335.345,1776056399999,5111185614.29008,26173,944663.849,2072833128.75562,0
1776056400000,2189.3,2190.05,2182.47,2188.87,2122518.178,1776059999999,4640712251.38850,30125,1087641.212,2378529152.17331,0
1776060000000,2188.87,2198.71,2188.3,2196.02,2004980.96,1776063599999,4401037165.37223,24439,1277099.657,2802617667.55067,0
1776063600000,2196.02,2197.94,2182.79,2185.66,2290552.244,1776067199999,5013611468.36721,29999,1013294.049,2216094184.68236,0
1776067200000,2185.69,2188.23,2179.6,2184.32,2394834.713,1776070799999,5229131500.17574,31492,805516.766,1759066033.72666,0
1776070800000,2184.32,2192.04,2184.02,2187.44,1498379.89,1776074399999,3279073460.43123,20821,819776.917,1793777080.78118,0
1776074400000,2187.44,2187.58,2179.34,2181.68,1917297.939,1776077999999,4185661440.89716,24920,673447.523,1470266022.28391,0
1776078000000,2181.66,2189.4,2181.65,2186.34,1788009.707,1776081599999,3908734512.76926,23585,1016225.839,2221563839.80847,0
1776081600000,2186.35,2189.82,2177.0,2188.77,2465833.617,1776085199999,5381986742.04159,27750,1142258.408,2494301848.00218,0
1776085200000,2189.81,2210.78,2182.91,2209.61,2962728.401,1776088799999,6501481814.05520,32379,1693101.340,3717282864.93455,0
1776088800000,2209.53,2224.49,2203.13,2224.49,2660018.88,1776092399999,5886809674.30883,25540,1605608.479,3556782925.86175,0
1776092400000,2223.92,2230.98,2198.89,2208.22,2554870.753,1776095999999,5650888941.06335,27387,729517.913,1611855965.79632,0
1776096000000,2208.23,2228.34,2204.76,2225.43,2514984.731,1776099599999,5582373518.22477,26841,1573211.030,3491485214.44745,0
1776099600000,2225.4,2237.87,2222.56,2223.91,2562101.181,1776103199999,5709751697.21468,26439,1240416.803,2764600296.42744,0
1776103200000,2224.01,2232.11,2219.97,2231.13,2600170.998,1776106799999,5788256899.17854,22950,1640165.638,3651823114.91925,0
1776106800000,2231.13,2266.49,2227.22,2262.77,2498419.433,1776110399999,5601658881.10869,22371,1576814.451,3534199980.77486,0
1776110400000,2262.77,2263.89,2248.28,2251.61,2573432.74,1776113999999,5799663612.99657,26095,901804.035,2031531387.82443,0
1776114000000,2251.61,2263.89,2249.1,2259.1,2606217.395,1776117599999,5879515336.15009,27979,1470238.126,3315815993.44837,0
1776117600000,2259.1,2354.42,2259.01,2351.66,3371508.248,1776121199999,7785528188.37533,30792,2815583.537,6494332687.30070,0
1776121200000,2351.58,2388.99,2344.03,2369.47,2789341.646,1776124799999,6598938405.06569,23114,1452428.168,3431958532.35654,0
1776124800000,2369.47,2374.32,2360.55,2360.55,2521314.276,1776128399999,5966515883.56256,24867,777817.719,1840551880.92807,0
1776128400000,2360.55,2372.46,2356.46,2368.51,2512183.085,1776131999999,5939919867.21419,27054,1401059.941,3314226335.06629,0
1776132000000,2368.51,2374.88,2366.17,2367.03,2116377.152,1776135599999,5017440481.50074,25566,944981.657,2240678413.36219,0
1776135600000,2367.03,2369.06,2361.84,2364.81,2026872.161,1776139199999,4794780014.95321,23105,504202.597,1193375526.28563,0
1776139200000,2364.83,2367.07,2362.79,2363.49,1098902.191,1776142799999,2598745605.78979,19005,414379.788,980185996.76439,0
1776142800000,2362.79,2366.28,2343.79,2355.08,2280176.013,1776146399999,5383799131.25008,22584,576402.982,1362044731.32786,0
1776146400000,2356.02,2372.52,2355.02,2372.45,1766928.851,1776149999999,4179176467.40653,23725,1523487.078,3603498788.95143,0
1776150000000,2372.44,2383.97,2370.61,2374.63,2187976.294,1776153599999,5199208785.27012,26660,1189575.229,2826902042.10311,0
1776153600000,2374.62,2389.29,2374.62,2386.74,2061946.566,1776157199999,4910307159.16195,21520,1467287.427,3494377505.34591,0
1776157200000,2386.74,2393.44,2384.41,2386.24,2303805.596,1776160799999,5502639645.47175,24696,1129382.462,2697964868.43441,0
1776160800000,2386.23,2386.76,2373.03,2374.96,1973195.256,1776164399999,4698476087.78632,21808,713397.285,1698860831.96805,0
1776164400000,2374.96,2375.75,2368.38,2373.48,1660750.627,1776167999999,3940738446.74085,20147,831310.815,1972685544.71324,0
1776168000000,2374.13,2375.58,2368.65,2372.85,1896744.755,1776171599999,4498786762.30132,22187,812706.560,1927849214.32566,0
1776171600000,2372.85,2391.13,2372.28,2389.71,2505195.997,1776175199999,5967182386.93578,22340,1722221.047,4101240124.33569,0
1776175200000,2389.71,2642.24,2359.06,2360.08,3084510.145,1776178799999,7354618666.44160,25332,1490026.574,3561566044.86506,0
1776178800000,2359.07,2368.92,2339.55,2362.41,2455503.485,1776182399999,5774911826.83705,18733,1361137.041,3204078389.24115,0
1776182400000,2362.41,2368.6,2337.93,2337.93,2321561.65,1776185999999,5464422596.87191,17260,702644.084,1655156930.15615,0
1776186000000,2338.11,2343.11,2328.43,2336.4,2402920.064,1776189599999,5611520718.14792,17637,1475571.257,3446769379.78226,0
1776189600000,2336.41,2341.69,2310.08,2313.14,2150282.058,1776193199999,5009950399.58836,18989,834261.164,1944181421.92834,0
1776193200000,2313.14,2326.4,2308.6,2312.12,2391315.354,1776196799999,5535322421.00881,20231,1464365.910,3390415659.85536,0
1776196800000,2312.24,2320.06,2307.69,2311.91,2331334.169,1776200399999,5392512643.77610,21196,1213077.005,2806552203.86913,0
1776200400000,2311.91,2323.67,2311.82,2323.01,2165655.372,1776203999999,5019843308.94313,20024,1465753.354,3397896850.39528,0
1776204000000,2323.0,2326.19,2311.19,2314.14,1971978.482,1776207599999,4569660678.30087,16721,818383.974,1896312334.50155,0
1776207600000,2314.19,2324.66,2313.96,2321.47,2079224.375,1776211199999,4823413030.04121,19735,1408554.431,3267539761.81326,0
1776211200000,2321.47,2341.04,2321.28,2332.71,2489174.492,1776214799999,5804263770.16994,20694,1670345.366,3894870644.91985,0
1776214800000,2332.69,2338.33,2330.51,2335.01,2376560.926,1776218399999,5549262586.15163,21604,1261404.881,2945983027.64027,0
1776218400000,2335.08,2336.68,2317.0,2322.2,2168097.818,1776221999999,5042151628.40189,19469,849717.547,1975795432.48942,0
1776222000000,2322.2,2327.95,2319.5,2327.72,1508798.061,1776225599999,3506591557.56470,17541,909954.003,2115231550.85668,0
1776225600000,2327.72,2333.09,2327.3,2331.78,1703911.839,1776229199999,3969945841.11444,19393,1134480.848,2643433693.05852,0
1776229200000,2332.09,2335.83,2315.46,2318.88,2012012.784,1776232799999,4675755576.65809,18163,676979.157,1573610394.93088,0
1776232800000,2318.89,2319.64,2314.72,2315.0,1181206.443,1776236399999,2737014791.19951,15716,550368.073,1275382961.14194,0
1776236400000,2315.0,2322.46,2309.65,2315.85,2109253.64,1776239999999,4882145454.80153,18960,1164288.039,2695343694.34049,0
1776240000000,2315.86,2329.67,2312.99,2326.49,2237466.987,1776243599999,5194319787.99628,19833,1466668.354,3405070277.48690,0
1776243600000,2326.35,2327.63,2317.7,2319.99,1559584.282,1776247199999,3620330729.88543,16006,435819.833,1011839992.99189,0
1776247200000,2319.99,2324.54,2312.68,2315.71,2428042.454,1776250799999,5628957800.71371,21769,1116379.149,2588710431.49299,0
1776250800000,2315.71,2335.99,2315.41,2335.99,2029253.686,1776254399999,4719379130.84088,21282,1516400.226,3526053482.89340,0
1776254400000,2335.98,2337.55,2329.7,2332.36,1872076.67,1776257999999,4368634223.65054,22756,1001535.698,2337875412.99294,0
1776258000000,2332.29,2332.52,2317.86,2326.05,2199191.749,1776261599999,5114842197.57429,18899,970089.812,2255641392.01916,0
1776261600000,2326.05,2341.3,2322.04,2336.03,2505721.148,1776265199999,5845230999.81138,17255,1576204.677,3675480755.02546,0
1776265200000,2336.03,2341.96,2322.26,2328.51,2593779.235,1776268799999,6053275758.58848,20049,1492469.680,3483520591.26077,0
1776268800000,2328.52,2347.68,2328.22,2340.1,2324979.308,1776272399999,5440327887.54448,18396,1412713.921,3305447112.37964,0
1776272400000,2340.1,2352.71,2339.53,2347.2,2202239.089,1776275999999,5164819508.26739,16863,1316787.168,3088414519.04278,0
1776276000000,2347.2,2358.09,2346.07,2357.35,2060185.226,1776279599999,4843882047.39226,17385,1683594.153,3959166977.01704,0
1776279600000,2357.21,2381.96,2356.59,2373.69,2579547.301,1776283199999,6104064422.78143,19332,1700830.506,4023875915.25900,0
1776283200000,2373.69,2374.04,2355.26,2361.55,2196220.509,1776286799999,5186704169.36278,16706,885070.955,2088785827.56247,0
1776286800000,2361.55,2361.58,2349.09,2360.0,1900602.229,1776290399999,4476990207.35163,14742,755598.690,1780226826.40415,0
1776290400000,2360.0,2376.64,2359.86,2362.34,2428233.007,1776293999999,5749053308.54838,17100,1226346.862,2902598206.98133,0
1776294000000,2362.33,2362.43,2349.15,2357.65,1480051.753,1776297599999,3485557292.05707,14015,694892.406,1636008690.30253,0
1776297600000,2357.65,2360.24,2350.02,2359.14,2151893.206,1776301199999,5068135565.49076,16819,1029042.341,2424077156.77842,0
1776301200000,2359.16,2359.17,2347.95,2349.81,2039710.426,1776304799999,4797414324.83894,17842,962101.806,2262795251.43028,0
1776304800000,2349.81,2365.61,2348.88,2356.04,2304694.392,1776308399999,5430058689.25014,16463,1345182.424,3171390567.65807,0
1776308400000,2356.04,2363.39,2355.13,2356.91,2181646.18,1776311999999,5147052219.22348,18390,1377453.662,3250355955.40505,0
1776312000000,2356.91,2361.76,2351.41,2353.28,1480324.475,1776315599999,3489229197.21876,13108,546092.168,1287836733.32888,0
1776315600000,2353.28,2358.0,2348.86,2355.0,1192679.37,1776319199999,2806473056.36644,13488,569832.804,1341112399.22295,0
1776319200000,2355.0,2357.99,2350.82,2353.97,1129904.296,1776322799999,2659987072.80988,13220,540752.804,1273208102.38192,0
1776322800000,2353.97,2354.8,2335.6,2340.36,1330931.463,1776326399999,3123181440.77051,14514,330939.605,775955535.52456,0
1776326400000,2340.35,2344.58,2334.53,2336.86,2055591.79,1776329999999,4808538976.66387,16699,948538.204,2219579981.04234,0
1776330000000,2336.9,2346.58,2336.86,2337.03,1255228.468,1776333599999,2938933415.39792,12312,552491.370,1293688111.77468,0
1776333600000,2337.03,2338.24,2328.22,2331.53,1988842.932,1776337199999,4638736809.35759,16581,934415.082,2179180010.01442,0
1776337200000,2331.54,2334.72,2329.0,2334.43,1209884.591,1776340799999,2820764609.74236,18927,707481.995,1649749594.59904,0
1776340800000,2334.64,2345.48,2333.25,2340.32,1672890.939,1776344399999,3912496696.54126,18280,1010535.458,2363075148.28226,0
1776344400000,2340.32,2347.55,2302.06,2307.05,2765106.578,1776347999999,6457701872.67886,22330,1132290.565,2651406834.02445,0
1776348000000,2307.05,2326.07,2286.84,2307.69,2524993.801,1776351599999,5809654971.07567,21362,1566996.170,3605953905.13773,0
1776351600000,2307.69,2341.26,2305.24,2339.0,2526309.596,1776355199999,5872469855.74151,17425,1849763.543,4300765265.80312,0
1776355200000,2339.0,2344.46,2311.0,2315.8,2399585.701,1776358799999,5592230286.22811,17548,679086.466,1585569148.55906,0
1776358800000,2319.37,2326.66,2312.11,2324.55,2275954.135,1776362399999,5280123377.44038,15189,1497994.748,3475570961.14184,0
1776362400000,2324.57,2339.35,2320.38,2339.34,2146003.427,1776365999999,4997320538.15759,16014,1565776.387,3647779441.50088,0
1776366000000,2339.34,2359.47,2334.44,2358.88,2646506.973,1776369599999,6208410286.15071,20407,2009431.174,4716972162.03476,0
1776369600000,2358.88,2360.03,2341.75,2348.88,2224926.475,1776373199999,5230237122.22171,21756,995327.502,2340739419.78883,0
1776373200000,2348.88,2353.3,2333.02,2338.68,1824057.639,1776376799999,4278224731.96760,17465,592755.816,1391548080.66171,0
1776376800000,2338.68,2348.38,2338.47,2340.9,2600421.59,1776380399999,6093223105.63798,22984,1617740.249,3791206007.01625,0
1776380400000,2340.89,2353.2,2340.44,2347.54,1935493.344,1776383999999,4542442088.49132,19396,1230290.917,2887123241.97116,0
1776384000000,2347.56,2349.75,2340.68,2343.05,1766374.783,1776387599999,4141442164.15611,18958,902141.301,2115550237.38141,0
1776387600000,2343.14,2347.77,2327.9,2334.45,2352393.11,1776391199999,5495760597.40143,19393,1097625.230,2563478696.49474,0
1776391200000,2334.45,2337.46,2324.71,2330.01,1767726.897,1776394799999,4119460193.81462,19268,696938.354,1624967148.69989,0
1776394800000,2330.01,2330.63,2323.38,2324.46,1608708.632,1776398399999,3743537677.16903,19928,628822.653,1463609743.91182,0
1776398400000,2324.42,2330.51,2323.81,2327.47,1165467.678,1776401999999,2713442551.18277,17316,834347.620,1942732662.79975,0
1776402000000,2327.8,2327.91,2317.73,2317.75,1916013.77,1776405599999,4448468417.03784,21028,556948.887,1292675398.47126,0
1776405600000,2317.75,2330.47,2317.05,2329.3,1285228.898,1776409199999,2986938179.59790,17811,1100656.678,2558596920.29715,0
1776409200000,2329.3,2340.0,2329.1,2332.48,2159807.705,1776412799999,5040446280.75900,22397,1144714.521,2670892324.11469,0
1776412800000,2332.48,2355.15,2332.12,2353.46,2321482.057,1776416399999,5436583808.98677,20518,1810512.610,4238910222.47005,0
1776416400000,2353.46,2363.74,2348.14,2357.7,2485112.279,1776419999999,5851260938.06132,23576,1683812.844,3966428081.93269,0
1776420000000,2357.7,2359.43,2336.72,2342.53,2357653.258,1776423599999,5535627011.72349,20583,810133.099,1900845255.07831,0
1776423600000,2342.53,2355.12,2342.16,2353.87,2028273.846,1776427199999,4765909641.17551,21298,1622221.622,3811564870.47172,0
1776427200000,2353.87,2371.7,2348.68,2371.61,2576675.855,1776430799999,6075314004.01476,22473,1964311.286,4633613542.99930,0
1776430800000,2371.61,2485.0,2367.58,2435.2,3022178.411,1776434399999,7261311343.44584,32181,2452159.386,5890992576.07610,0
1776434400000,2435.2,2687.72,2427.82,2446.17,2359840.044,1776437999999,5756906072.70866,22120,1558547.249,3804713523.58661,0
1776438000000,2446.0,2446.89,2433.6,2440.64,2459466.418,1776441599999,6006291634.76654,21557,919659.715,2246212148.37581,0
1776441600000,2440.66,2461.48,2440.55,2448.75,2440430.251,1776445199999,5978003406.21247,21029,1404473.828,3439761120.91303,0
1776445200000,2448.75,2451.0,2423.08,2438.56,2318718.061,1776448799999,5650316369.90451,21504,1027554.576,2502890103.45168,0
1776448800000,2438.56,2440.37,2417.21,2419.33,2304197.103,1776452399999,5588391618.12683,21067,798792.018,1937320326.84710,0
1776452400000,2419.37,2430.48,2418.12,2428.63,2304303.621,1776455999999,5587581625.98099,21002,1161663.815,2815823452.39781,0
1776456000000,2428.63,2433.66,2417.65,2425.71,2118552.728,1776459599999,5140119938.11346,22188,981599.219,2380877440.09203,0
1776459600000,2425.71,2431.54,2418.75,2428.99,2185438.183,1776463199999,5304930391.73437,20969,1214099.299,2948103571.37307,0
1776463200000,2428.99,2438.36,2422.8,2431.98,2050464.37,1776466799999,4985639985.03015,20665,1283993.901,3123148648.18226,0
1776466800000,2431.97,2432.05,2415.3,2418.36,2062136.351,1776470399999,4995734507.93598,21534,556192.270,1346518296.31712,0
1776470400000,2419.46,2421.87,2411.0,2418.5,2217625.435,1776473999999,5361090075.22853,21333,942577.591,2279065749.18918,0
1776474000000,2418.47,2425.91,2416.18,2420.28,1993077.606,1776477599999,4824441356.88589,22976,899557.117,2177837450.63806,0
1776477600000,2420.28,2423.11,2415.99,2418.29,1522886.386,1776481199999,3685120674.84229,21739,664009.170,1607228494.61445,0
1776481200000,2418.54,2418.71,2406.88,2407.71,1397149.007,1776484799999,3374509250.81133,18185,443865.700,1072566225.40977,0
1776484800000,2407.57,2409.75,2398.74,2406.73,1652180.861,1776488399999,3974045934.97365,21354,891820.059,2145595396.29647,0
1776488400000,2406.74,2411.93,2404.72,2407.44,1184017.711,1776491999999,2851297386.74835,17183,549616.811,1324116881.81561,0
1776492000000,2407.44,2410.23,2404.28,2408.64,1574172.718,1776495599999,3790802287.62256,22056,758089.841,1825714114.80585,0
1776495600000,2408.7,2409.46,2401.13,2402.59,1040894.61,1776499199999,2503540945.56874,17369,341901.813,822668278.43593,0
1776499200000,2402.79,2404.18,2369.75,2379.3,2704851.596,1776502799999,6458795136.93197,22385,1284643.050,3060823072.70037,0
1776502800000,2379.3,2379.9,2369.43,2374.58,1835361.105,1776506399999,4357853754.38326,21454,729105.667,1731562063.33248,0
1776506400000,2374.59,2374.67,2354.89,2357.19,1910555.796,1776509999999,4513857526.07182,21051,788041.741,1859924646.98789,0
1776510000000,2357.19,2358.59,2345.01,2352.41,2345715.96,1776513599999,5519505447.87100,22428,1139941.478,2682119933.99569,0
1776513600000,2352.41,2359.44,2350.3,2357.02,1972971.581,1776517199999,4647352942.45731,21757,1207261.743,2844076697.08078,0
1776517200000,2357.06,2360.0,2346.19,2353.94,2223332.394,1776520799999,5229403520.55520,21879,1199466.694,2821251265.37999,0
1776520800000,2353.94,2363.05,2349.39,2363.04,1427527.289,1776524399999,3362482773.59218,16625,859880.218,2026974093.71302,0
1776524400000,2363.04,2366.17,2357.76,2361.98,1990887.236,1776527999999,4700474990.39740,21978,846465.808,1999244336.64961,0
1776528000000,2361.98,2369.64,2357.0,2358.02,2330778.966,1776531599999,5505948669.64209,22580,921945.682,2178247642.25120,0
1776531600000,2358.02,2363.1,2354.53,2361.01,1559299.676,1776535199999,3678849735.89304,19362,916753.836,2163318560.50716,0
1776535200000,2361.15,2364.56,2339.62,2345.79,2622894.806,1776538799999,6168543923.25317,24187,764343.585,1798582506.21988,0
1776538800000,2345.78,2353.82,2345.48,2348.2,1415166.228,1776542399999,3324524781.44794,19167,714941.737,1679925715.88539,0
1776542400000,2348.38,2353.29,2343.75,2350.99,1781887.11,1776545999999,4184751700.30885,23401,1025311.712,2408222756.41784,0
1776546000000,2350.99,2353.37,2347.96,2353.3,1590539.91,1776549599999,3738728410.84560,22434,886321.372,2083880665.81877,0
1776549600000,2353.3,2357.34,2347.79,2355.6,1469095.917,1776553199999,3455728943.96725,21163,947673.689,2229641663.59668,0
1776553200000,2355.6,2356.99,2348.6,2348.85,846062.194,1776556799999,1990305599.20094,15687,177109.257,416966610.74083,0
1776556800000,2348.86,2353.82,2343.57,2346.99,1558783.876,1776560399999,3660703659.24105,16888,867047.928,2036606727.27638,0
1776560400000,2346.98,2351.36,2341.28,2346.42,1575381.118,1776563999999,3695571293.91543,18407,876138.314,2055655693.19010,0
1776564000000,2346.42,2348.21,2335.15,2338.19,1754474.653,1776567599999,4108575911.07110,18246,844822.782,1977918236.12985,0
1776567600000,2338.19,2342.29,2332.51,2337.93,1427632.122,1776571199999,3337206428.14259,18055,610104.426,1426885703.16252,0
1776571200000,2337.76,2344.82,2324.35,2331.86,2177340.032,1776574799999,5086573923.03742,22787,1148062.132,2681069794.65148,0
1776574800000,2331.86,2336.98,2328.2,2331.24,1765298.873,1776578399999,4117454376.32773,21233,1128217.529,2632099023.56527,0
1776578400000,2331.24,2331.74,2321.78,2325.83,1934099.978,1776581999999,4500885545.25614,21791,723402.914,1684124698.83054,0
1776582000000,2325.85,2326.0,2300.34,2315.42,2298390.474,1776585599999,5315146880.90321,23497,707794.548,1633968989.79616,0
1776585600000,2315.81,2318.5,2311.03,2317.12,1757768.013,1776589199999,4069316636.50527,19879,892420.524,2066597161.31046,0
1776589200000,2317.12,2318.26,2305.6,2308.59,1448757.548,1776592799999,3348581734.32011,17654,346581.676,800607921.21225,0
1776592800000,2308.59,2318.11,2305.07,2318.0,1720091.554,1776596399999,3975754062.83301,19767,1333086.483,3082691624.21399,0
1776596400000,2318.0,2328.51,2316.39,2327.54,1841314.806,1776599999999,4279194397.91334,19019,1362210.238,3165605890.04999,0
1776600000000,2328.5,2330.99,2323.27,2329.39,1928563.097,1776603599999,4488870231.71762,20560,933393.635,2173048765.55747,0
1776603600000,2329.4,2346.0,2327.93,2336.2,2142949.623,1776607199999,5009326506.09837,20328,1303990.625,3047732560.14756,0
1776607200000,2336.2,2340.83,2327.24,2336.05,2465173.604,1776610799999,5755654374.92334,21623,1348640.427,3148067421.21027,0
1776610800000,2336.05,2338.42,2320.36,2329.53,2292613.163,1776614399999,5342404348.03807,19093,1168928.486,2723031510.83416,0
1776614400000,2329.54,2329.6,2306.67,2310.27,2741514.922,1776617999999,6360631062.50909,22839,886684.669,2055789455.75198,0
1776618000000,2310.09,2313.06,2294.78,2294.8,2299108.613,1776621599999,5302783522.00234,19114,1268123.448,2927225479.08286,0
1776621600000,2294.8,2298.05,2287.29,2294.6,2207404.839,1776625199999,5062880097.84207,18990,1034091.704,2372396828.60983,0
1776625200000,2294.6,2302.24,2294.54,2299.19,1853529.111,1776628799999,4259577772.66259,17555,1091357.298,2507965456.47998,0
1776628800000,2299.19,2299.5,2275.57,2280.78,2688433.006,1776632399999,6155773168.85651,23587,860153.638,1969684435.13586,0
1776632400000,2280.78,2289.01,2273.99,2276.61,2300522.385,1776635999999,5253853826.27259,19974,1252105.960,2859976331.71640,0
1776636000000,2276.61,2276.91,2254.76,2269.58,2668732.518,1776639599999,6048444917.19187,20980,1235079.806,2800404242.16440,0
1776639600000,2269.58,2272.05,2259.85,2261.55,2598274.997,1776643199999,5882602702.65309,23021,1227214.762,2778982558.43810,0
1776643200000,2261.51,2281.08,2261.46,2278.5,2196449.282,1776646799999,4992580982.97980,20109,1714634.284,3897229652.61228,0
1776646800000,2278.5,2290.74,2276.87,2284.76,2167223.471,1776650399999,4949120919.80477,20653,1224752.034,2796785089.70305,0
1776650400000,2284.76,2284.93,2274.98,2276.55,1733173.171,1776653999999,3948725021.17641,22693,699234.122,1592903939.54345,0
1776654000000,2276.55,2286.11,2275.01,2285.08,1614826.264,1776657599999,3682664793.98659,19252,1108020.095,2527566296.15246,0
1776657600000,2285.96,2285.96,2277.86,2282.19,1015137.79,1776661199999,2315939181.67031,16466,441379.601,1007201242.47992,0
1776661200000,2282.19,2282.19,2262.59,2270.85,2430454.638,1776664799999,5516153058.20622,20952,660727.220,1497801460.98837,0
1776664800000,2269.31,2284.67,2267.9,2284.67,2382230.11,1776668399999,5422942375.03496,22923,1673956.272,3811904504.49981,0
1776668400000,2284.67,2322.55,2281.85,2296.83,2913977.238,1776671999999,6693727670.16142,26371,1516652.371,3482248072.30706,0
1776672000000,2296.83,2303.7,2289.24,2292.06,2548089.857,1776675599999,5848300385.42127,23098,1266307.850,2908061099.24720,0
1776675600000,2292.06,2311.52,2291.45,2307.79,2409369.678,1776679199999,5550025952.49023,20146,1526265.761,3514411901.72144,0
1776679200000,2307.79,2317.13,2302.18,2302.18,1961701.09,1776682799999,4531458850.61865,19609,719185.165,1663303968.68692,0
1776682800000,2302.18,2310.65,2301.74,2306.82,2002636.662,1776686399999,4618260892.53113,20766,1140133.075,2629643039.22000,0
1776686400000,2306.82,2317.93,2303.95,2317.79,2409062.422,1776689999999,5568780729.00878,21126,1505792.026,3481968355.25485,0
1776690000000,2317.79,2320.56,2303.75,2309.89,2660690.337,1776693599999,6155060054.52120,19127,1577307.843,3648473088.69383,0
1776693600000,2309.89,2317.64,2285.85,2288.43,2792528.474,1776697199999,6432548631.51243,19365,1149231.395,2648592079.66372,0
1776697200000,2288.37,2317.64,2281.41,2312.35,2590857.718,1776700799999,5961138330.78366,21478,1570929.615,3613965003.35297,0
1776700800000,2312.35,2312.35,2297.6,2297.74,2395538.163,1776704399999,5519923314.18860,19721,1004392.151,2314488078.48395,0
1776704400000,2297.74,2317.6,2297.17,2315.3,2449515.793,1776707999999,5659434490.98659,19357,1577645.598,3644625895.38526,0
1776708000000,2315.3,2338.98,2315.29,2332.59,2559367.905,1776711599999,5958628807.06077,20370,1328038.656,3091443504.91921,0
1776711600000,2332.59,2334.7,2325.87,2330.75,1602879.435,1776715199999,3734038803.71470,18526,704424.129,1641392933.35025,0
1776715200000,2330.74,2338.98,2324.93,2337.05,2379500.894,1776718799999,5546217982.21336,22522,1031079.160,2404465716.99885,0
1776718800000,2337.05,2339.0,2314.33,2319.64,2031645.431,1776722399999,4721596694.65460,18637,742261.580,1723765082.18492,0
1776722400000,2319.64,2326.24,2316.5,2318.02,2065065.069,1776725999999,4792824839.45458,17047,1084291.134,2517558536.34480,0
1776726000000,2318.15,2319.14,2307.13,2313.14,1830903.346,1776729599999,4232118531.67093,18787,878308.494,2030267674.87815,0
1776729600000,2313.3,2321.83,2311.14,2320.18,1991468.141,1776733199999,4611808624.36321,16819,1118525.470,2590339706.46455,0
1776733200000,2320.18,2324.57,2312.09,2313.11,1964855.09,1776736799999,4557555076.43565,17914,879232.705,2040977652.55818,0
1776736800000,2313.11,2313.19,2305.91,2308.06,1595933.103,1776740399999,3684972393.05364,18517,713421.808,1647371135.16027,0
1776740400000,2308.06,2310.77,2299.83,2310.13,2160084.415,1776743999999,4978018024.02289,19381,1135930.125,2618564998.86481,0
1776744000000,2310.59,2310.83,2303.51,2309.25,924447.462,1776747599999,2132470136.77948,14489,356987.077,823388977.60275,0
1776747600000,2309.24,2310.99,2308.58,2310.99,49144.339,1776751199999,113546887.69601,2977,41658.745,96260190.11702,0
1776751200000,2310.99,2320.4,2302.83,2313.75,204805.658,1776754799999,473824597.68107,9903,165763.429,383814351.56115,0
1776754800000,2313.74,2320.56,2302.82,2318.25,65346.294,1776758399999,151472710.28166,12221,51220.868,118796337.06251,0
1776758400000,2318.25,2326.18,2312.98,2322.74,2372349.056,1776761999999,5504061271.73998,19987,1301951.989,3021849460.41762,0
1776762000000,2322.74,2326.19,2317.75,2324.3,1664001.238,1776765599999,3863796416.39239,16983,906788.196,2106018748.86428,0
1776765600000,2324.31,2335.21,2324.2,2331.32,1678553.552,1776769199999,3908636064.74887,17471,1153008.117,2685184787.80917,0
1776769200000,2331.32,2332.17,2317.42,2321.0,258011.067,1776772799999,599411729.79014,8702,8875.585,20679779.15440,0
1776772800000,2332.07,2332.17,2302.25,2309.15,722496.863,1776776399999,1671392656.06315,17948,305345.458,705625534.43176,0
1776776400000,2309.15,2318.32,2303.07,2311.41,581966.537,1776779999999,1342392671.43281,11103,194251.453,448384267.59291,0
1776780000000,2311.41,2318.32,2303.01,2305.52,1006458.152,1776783599999,2323610216.12183,14906,341652.987,789182709.15544,0
1776783600000,2306.04,2316.64,2297.32,2308.11,2425061.142,1776787199999,5585342940.47279,21974,1255905.349,2893064016.71084,0
1776787200000,2307.93,2318.74,2307.82,2309.91,2384057.573,1776790799999,5513578909.91166,22040,1254667.654,2902556905.36316,0
1776790800000,2308.82,2315.57,2292.51,2305.15,2494678.964,1776794399999,5740582035.02088,23214,1216364.618,2796990332.71283,0
1776794400000,2305.16,2311.99,2300.17,2311.99,2361329.121,1776797999999,5441302792.35432,23732,1247179.777,2875126066.50351,0
1776798000000,2311.56,2322.22,2286.74,2296.75,2628335.403,1776801599999,6067719354.60150,20530,1513600.973,3491825392.38036,0
1776801600000,2296.75,2322.56,2295.9,2316.01,2343695.486,1776805199999,5423774080.50727,19669,1413739.885,3270575405.37494,0
1776805200000,2316.02,2316.82,2308.88,2311.75,1866214.392,1776808799999,4315517263.97697,20042,885789.103,2048449469.36783,0
1776808800000,2311.75,2315.41,2301.47,2310.33,2541830.827,1776812399999,5868043469.81882,23456,1321486.444,3051653747.01516,0
1776812400000,2310.33,2326.96,2310.09,2326.74,1956411.361,1776815999999,4537557075.74102,20488,1465012.232,3398317160.28419,0
1776816000000,2326.95,2328.1,2321.96,2322.52,1498348.097,1776819599999,3483993226.90327,19336,752358.773,1749832288.15268,0
1776819600000,2322.51,2325.56,2313.26,2322.92,466815.119,1776823199999,1080973459.67373,10039,150793.152,349161129.48980,0
1776823200000,2323.2,2368.96,2320.48,2368.43,2618443.021,1776826799999,6147538881.58160,19338,2039175.175,4783124489.90703,0
1776826800000,2368.43,2374.01,2358.85,2363.19,2198466.69,1776830399999,5199878831.20804,21046,1233502.017,2918779666.88103,0
1776830400000,2364.66,2366.0,2358.33,2360.93,1854966.134,1776833999999,4381141784.66557,21138,790040.027,1866438650.96454,0
1776834000000,2360.93,2402.99,2360.71,2396.41,2533195.503,1776837599999,6042340751.05390,20131,1684020.419,4011031882.37548,0
1776837600000,2396.41,2396.54,2389.29,2390.88,1443194.695,1776841199999,3451976828.24432,19473,564475.863,1350109799.79103,0
1776841200000,2390.88,2396.57,2385.49,2389.67,2042529.306,1776844799999,4882771383.41482,21516,1154933.876,2761309789.26347,0
1776844800000,2389.67,2392.65,2382.39,2387.02,1745655.474,1776848399999,4167179966.46942,20588,707073.990,1687994424.79916,0
1776848400000,2387.02,2392.65,2384.5,2386.82,1673116.306,1776851999999,3997590398.39351,19979,786945.002,1880805138.50473,0
1776852000000,2386.83,2392.45,2384.43,2388.13,1325424.669,1776855599999,3165563122.55816,19632,806498.853,1926067081.59711,0
1776855600000,2388.13,2397.6,2387.0,2397.14,1680927.556,1776859199999,4019838307.44336,18276,1149269.964,2749245278.63602,0
1776859200000,2397.14,2405.36,2395.42,2403.41,2293884.93,1776862799999,5505786323.49792,22819,1521051.244,3651838557.56630,0
1776862800000,2403.41,2415.82,2401.99,2414.14,2529357.637,1776866399999,6093266744.35182,23770,1512748.979,3645647885.59103,0
1776866400000,2414.3,2419.32,2397.01,2403.54,2418638.509,1776869999999,5824436052.07682,20938,1443690.016,3474943554.72197,0
1776870000000,2403.55,2409.81,2393.15,2405.32,2278729.389,1776873599999,5472129847.43339,19092,1577959.248,3790536626.25345,0
1776873600000,2405.32,2411.43,2384.99,2387.17,2330793.854,1776877199999,5585151954.25782,21463,978736.323,2348982650.11556,0
1776877200000,2385.49,2401.27,2385.14,2398.24,2317810.503,1776880799999,5548788971.81724,21911,1460023.712,3496447456.48185,0
1776880800000,2398.28,2403.47,2395.2,2395.87,2401390.574,1776884399999,5762180214.03229,24218,1319482.030,3166610961.66547,0
1776884400000,2395.88,2405.35,2391.0,2396.32,2424596.953,1776887999999,5811232227.03825,23582,1554973.560,3728562421.57434,0
1776888000000,2395.46,2405.35,2390.1,2390.32,1618799.038,1776891599999,3878270979.92190,22165,450213.044,1079505182.30698,0
1776891600000,2390.32,2404.29,2390.1,2401.72,1758183.173,1776895199999,4216020309.12155,23139,1365573.358,3273971185.61965,0
1776895200000,2401.72,2404.14,2393.23,2397.36,1892699.69,1776898799999,4539551809.20680,21253,576410.297,1383113165.75528,0
1776898800000,2397.36,2398.42,2372.75,2372.88,2251893.446,1776902399999,5370940096.49688,20904,648682.673,1547488277.72925,0
1776902400000,2372.75,2377.67,2351.25,2369.71,2271318.341,1776905999999,5379577722.80278,20327,847750.754,2009098426.38805,0
1776906000000,2369.7,2370.65,2360.65,2365.82,2303499.431,1776909599999,5448446788.84976,21263,1005627.699,2378566945.70545,0
1776909600000,2365.82,2365.82,2344.41,2351.53,2490269.483,1776913199999,5867261237.31231,21800,1055819.236,2485883215.37913,0
1776913200000,2351.56,2351.99,2331.74,2338.71,2241481.176,1776916799999,5243754797.49866,24620,828554.892,1937993667.31561,0
1776916800000,2338.71,2346.53,2336.13,2345.83,1605484.801,1776920399999,3759788182.73155,21545,1139138.069,2667889387.02338,0
1776920400000,2346.2,2350.79,2340.12,2346.92,2167415.6,1776923999999,5084390992.59383,26254,1217726.412,2856607938.90961,0
1776924000000,2346.86,2357.16,2346.83,2353.04,2057222.14,1776927599999,4838674170.87199,24921,1009948.759,2375953755.66641,0
1776927600000,2353.04,2354.99,2341.69,2346.29,1671631.114,1776931199999,3928339703.15208,22503,628923.134,1478630011.29224,0
1776931200000,2346.29,2346.3,2334.36,2338.87,2150101.351,1776934799999,5028017704.00821,23975,1039626.338,2431399203.72463,0
1776934800000,2338.87,2339.0,2314.61,2315.5,2122276.77,1776938399999,4931076046.52085,22843,960413.579,2229542296.68577,0
1776938400000,2315.5,2317.7,2306.36,2312.75,2490899.685,1776941999999,5759041042.57591,24643,1462191.018,3381100581.32995,0
1776942000000,2312.75,2329.0,2312.47,2327.61,1970938.092,1776945599999,4573919914.29311,22024,1449543.925,3362856426.19807,0
1776945600000,2327.6,2333.43,2322.02,2327.41,2036608.481,1776949199999,4741816982.15830,24222,1185491.533,2760815797.69485,0
1776949200000,2327.41,2330.52,2315.19,2318.39,2365160.848,1776952799999,5494424660.40713,24416,1027565.549,2387511594.50826,0
1776952800000,2318.35,2332.9,2315.24,2332.88,2472868.681,1776956399999,5749277826.47005,21204,1852197.848,4307377679.42663,0
1776956400000,2332.88,2338.02,2323.8,2332.1,2399102.788,1776959999999,5593674905.27724,20483,1152443.813,2687494061.29003,0
1776960000000,2332.17,2332.68,2324.33,2329.6,2244431.833,1776963599999,5230859900.64794,21223,1015739.494,2367173010.41365,0
1776963600000,2331.24,2331.25,2294.08,2300.0,3305631.804,1776967199999,7656463237.55505,25875,909778.563,2106717923.18349,0
1776967200000,2302.31,2313.19,2300.0,2307.52,2078550.263,1776970799999,4799477130.27650,19172,1215217.504,2805877314.05759,0
1776970800000,2307.51,2327.33,2307.01,2311.45,2154002.279,1776974399999,4976310647.76510,19563,995781.587,2300487659.50584,0
1776974400000,2311.07,2327.33,2310.99,2324.98,2656732.855,1776977999999,6161005555.41710,21070,1317315.719,3052993729.70640,0
1776978000000,2324.79,2327.33,2319.72,2323.81,1725706.456,1776981599999,4010232557.94491,20059,788800.119,1833194248.36208,0
1776981600000,2323.87,2336.61,2322.68,2330.95,2614685.074,1776985199999,6093169798.49046,19989,1552867.815,3617978693.71054,0
1776985200000,2330.95,2331.14,2324.14,2329.5,1732682.34,1776988799999,4033812327.46314,19503,876651.107,2040671760.64309,0
1776988800000,2330.26,2334.46,2327.97,2333.89,2076386.011,1776992399999,4841120134.95907,20347,1097233.536,2558634559.89062,0
1776992400000,2333.88,2334.46,2320.32,2320.37,2702772.467,1776995999999,6286026864.10734,19929,1211822.014,2816808624.23248,0
1776996000000,2320.36,2332.15,2313.61,2325.95,2816467.878,1776999599999,6550133545.53599,22108,1445947.503,3363674647.87166,0
1776999600000,2324.2,2325.98,2301.22,2306.66,2680176.425,1777003199999,6191958763.90595,21539,1143986.145,2641412336.44475,0
1777003200000,2306.66,2308.69,2301.26,2305.19,1747794.921,1777006799999,4029236716.41378,20361,805332.214,1856617704.21582,0
1777006800000,2305.19,2315.4,2301.22,2311.37,2472677.792,1777010399999,5701206102.14223,21587,1086184.973,2505559234.91243,0
1777010400000,2311.37,2315.19,2308.16,2308.16,1340108.84,1777013999999,3097503963.34750,17366,609138.056,1407892998.27184,0
1777014000000,2308.17,2313.61,2307.91,2310.61,2048772.889,1777017599999,4734934487.34442,19121,988451.288,2283594391.57353,0
1777017600000,2310.61,2316.53,2307.39,2316.23,2635497.76,1777021199999,6094086010.18268,20381,1283437.659,2966799827.99821,0
1777021200000,2316.23,2316.55,2303.79,2307.89,1926268.382,1777024799999,4450472537.37369,17697,811719.759,1874101647.89703,0
1777024800000,2307.89,2315.62,2307.49,2315.55,1789757.655,1777028399999,4135363982.01989,16640,1148586.252,2653932041.57885,0
1777028400000,2315.55,2329.02,2314.3,2327.76,2335437.126,1777031999999,5425997919.42542,21161,1219017.570,2830068433.03550,0
1777032000000,2327.77,2329.72,2322.4,2326.15,2375128.887,1777035599999,5526343000.53282,19534,969317.417,2254314510.24577,0
1777035600000,2326.44,2328.58,2319.14,2322.8,1648733.196,1777039199999,3832595032.72389,13434,699662.514,1626605490.81340,0
